mean_fit_time,std_fit_time,mean_score_time,std_score_time,param_learning_rate,param_max_depth,param_n_estimators,params,split0_test_score,split1_test_score,split2_test_score,split3_test_score,split4_test_score,mean_test_score,std_test_score,rank_test_score,split0_train_score,split1_train_score,split2_train_score,split3_train_score,split4_train_score,mean_train_score,std_train_score
5.531061601638794,0.04875727016024925,0.07134842872619629,0.03360492601143906,0.5,5,300,"{'learning_rate': 0.5, 'max_depth': 5, 'n_estimators': 300}",0.66008004002001,0.6617980357592546,0.6674256799493992,0.6670928151367936,0.6576367389060888,0.6628066619543092,0.003870047406457947,1,0.8003242198459956,0.8016756283606352,0.8010611735330836,0.7985931712782844,0.802300143758985,0.8007908673553967,0.001279172441377593
5.507029008865357,0.04463126307118658,0.05790977478027344,0.005672308875683593,0.8,5,300,"{'learning_rate': 0.8, 'max_depth': 5, 'n_estimators': 300}",0.6580949881920756,0.6660504423610194,0.6618210651513149,0.6621315192743764,0.6550066755674232,0.6606209381092418,0.003770995721719798,2,0.8389464453898866,0.8369695594385191,0.8355495163221068,0.8374010125924964,0.8382214427230504,0.8374175952932118,0.0011553599840654462
4.884082221984864,0.05099234724878136,0.06934332847595215,0.03401963422380004,0.5,5,250,"{'learning_rate': 0.5, 'max_depth': 5, 'n_estimators': 250}",0.6516358289425316,0.6583727295347102,0.6569631182928334,0.6606786427145709,0.6524413204468432,0.6560183279862979,0.0034685919202747345,3,0.7763350402340893,0.7738971706723456,0.7752973467520585,0.772875171050631,0.7756892612338157,0.774818797988588,0.0012579974810269284
4.843238878250122,0.035208484046126774,0.053760433197021486,0.002281543936708701,0.8,5,250,"{'learning_rate': 0.8, 'max_depth': 5, 'n_estimators': 250}",0.6481153554262585,0.6584362139917695,0.6547941669892889,0.6555598605191786,0.6480709071949948,0.6529953008242981,0.00418282062030608,4,0.8127351481235575,0.8115777166872057,0.80884944612286,0.8095823483057526,0.8079453520949413,0.8101380022668634,0.001766057034767663
4.82436089515686,0.048891253111017864,0.050715065002441405,0.0009270972786556042,0.5,4,300,"{'learning_rate': 0.5, 'max_depth': 4, 'n_estimators': 300}",0.6432483924743987,0.6547302201790467,0.6520955926504143,0.6526009457984722,0.6493474814001707,0.6504045265005004,0.003967951279946979,5,0.7458071434954869,0.7445848911043855,0.7437776261532528,0.7416849469378075,0.7464834805364736,0.7444676176454813,0.001678757295678564
4.773430442810058,0.06956244669552554,0.05366220474243164,0.0015366523113253495,0.8,4,300,"{'learning_rate': 0.8, 'max_depth': 4, 'n_estimators': 300}",0.6394907577426857,0.6527331189710611,0.6490771708163012,0.6489653453004238,0.6488133011803529,0.6478159388021649,0.004413476491194764,6,0.7751190330850934,0.773008377760853,0.7747028345016763,0.775736864587783,0.7803935994114402,0.7757921418693692,0.0024724674185106505
4.21435136795044,0.027280998774973888,0.05086603164672852,0.0053495176102257855,0.5,5,200,"{'learning_rate': 0.5, 'max_depth': 5, 'n_estimators': 200}",0.6449697113671458,0.6472437137330754,0.6476783149832456,0.6509594364828759,0.6422823701536211,0.6466267093439928,0.0028940635305032343,7,0.7451844353806306,0.7452365406303793,0.7461568196009634,0.7463458110516934,0.7461367343912205,0.7458120682109775,0.0004968496825529364
4.185433483123779,0.019936348839719356,0.06642451286315917,0.033183155893183755,0.8,5,200,"{'learning_rate': 0.8, 'max_depth': 5, 'n_estimators': 200}",0.640788662969809,0.6426001736757226,0.6451125927789659,0.6446093848282803,0.6445149017121116,0.6435251431929779,0.001613635067642042,8,0.7784134365344021,0.7771383089450805,0.7760655537210298,0.7757894093935137,0.7789093800654494,0.7772632177318951,0.0012373331021419843
4.245123767852784,0.03233607044826949,0.05291757583618164,0.0034504329536557935,0.8,4,250,"{'learning_rate': 0.8, 'max_depth': 4, 'n_estimators': 250}",0.6435703115602069,0.6452081316553727,0.64426925409339,0.6422912858013407,0.6413886495137264,0.6433455265248073,0.0013648362498864246,9,0.7521705287108557,0.7507547000627671,0.7544727141958105,0.7522957733839849,0.7555355535553555,0.7530458539817547,0.0017212051330832594
4.245244359970092,0.03835433606977472,0.06764121055603027,0.03475718303720115,0.5,4,250,"{'learning_rate': 0.5, 'max_depth': 4, 'n_estimators': 250}",0.6387066541705717,0.646011396011396,0.6418015482054891,0.6470448611440779,0.6407929304991641,0.6428714780061398,0.003165030141851723,10,0.7247022936587083,0.7245494968406272,0.7217756029360364,0.7223518432104526,0.724264920792658,0.7235288314876965,0.001218171617915418
3.5251458168029783,0.02727140033417735,0.06287989616394044,0.03695725868585095,0.5,5,150,"{'learning_rate': 0.5, 'max_depth': 5, 'n_estimators': 150}",0.6357889897712906,0.6383824216923796,0.6382978723404256,0.6385981418322945,0.6318895314528502,0.6365913914178482,0.00256508281901922,11,0.7118271483527608,0.7125470878006375,0.7145260471052326,0.7132025235862708,0.7136413577748222,0.7131488329239448,0.0009220769616710843
4.2416215419769285,0.04337973066306763,0.04782581329345703,0.0017981709740116398,0.5,3,300,"{'learning_rate': 0.5, 'max_depth': 3, 'n_estimators': 300}",0.6302089279598128,0.6372616586262347,0.6346948141349242,0.6419724234634261,0.6356030676272368,0.635948178362327,0.003811712946447012,12,0.6966898055189031,0.6976224577484962,0.6964556455073376,0.6986859470935904,0.6983072208060035,0.6975522153348661,0.0008725286283183215
3.5107032299041747,0.014011983504666137,0.06143288612365723,0.03137516396043294,0.8,5,150,"{'learning_rate': 0.8, 'max_depth': 5, 'n_estimators': 150}",0.6336586527017377,0.6341698841698842,0.6330308529945553,0.6396604002425712,0.6358282208588957,0.6352696021935288,0.002383598048887694,13,0.743721579932832,0.7415690345543526,0.7389220848370112,0.7382045434351213,0.7389197494386006,0.7402673984395836,0.002073982818256849
3.701418161392212,0.03141847186836651,0.061808538436889646,0.03185049378086914,0.5,4,200,"{'learning_rate': 0.5, 'max_depth': 4, 'n_estimators': 200}",0.6338936219203316,0.6339501206757844,0.635839483394834,0.6353545974997079,0.6361712135465664,0.6350418074074449,0.0009507673409053882,14,0.7045756159483008,0.701138547133557,0.7012034383954154,0.7000830636152723,0.702209469153515,0.7018420268492122,0.0015234273065466773
3.7127045154571534,0.055694980434879575,0.049886894226074216,0.005540580368401143,0.8,4,200,"{'learning_rate': 0.8, 'max_depth': 4, 'n_estimators': 200}",0.6317393342709798,0.6362779740871614,0.6308835672997523,0.6343727683884789,0.6331004577210311,0.6332748203534807,0.001914713202534034,15,0.7258872834911052,0.7221655047691276,0.7265067290813341,0.7265794567959172,0.7268204167642238,0.7255918781803417,0.0017406245888058785
4.18579511642456,0.03466426623397792,0.06607723236083984,0.034250535877614535,0.8,3,300,"{'learning_rate': 0.8, 'max_depth': 3, 'n_estimators': 300}",0.6261234971401891,0.6324786324786325,0.6338707779216194,0.639536259316219,0.6339487790351399,0.63319158917836,0.00428382318267601,16,0.7234516516692558,0.7217234141791045,0.7219076527931819,0.7210440456769984,0.7202075559701493,0.721666864057738,0.0010736970503321408
5.709604215621948,0.09893747508020448,0.044249343872070315,0.0009441894146143942,0.1,5,300,"{'learning_rate': 0.1, 'max_depth': 5, 'n_estimators': 300}",0.6257095158597663,0.6317446043165468,0.6336410718306688,0.6353421859039836,0.6333981915989471,0.6319671139019825,0.0033301133108052487,17,0.6673589088766031,0.6678660782053805,0.6657116373135586,0.6661060185574524,0.6684424505818028,0.6670970187069595,0.0010364930105327536
3.767035961151123,0.03413682293964727,0.04407877922058105,0.0010763282938355025,0.5,3,250,"{'learning_rate': 0.5, 'max_depth': 3, 'n_estimators': 250}",0.6236195627676357,0.6278886258595423,0.6333789329685362,0.6368445262189513,0.6288009179575444,0.6301065131544421,0.004578508047150275,18,0.6826401703335699,0.6828329702045782,0.6824341528276798,0.6818890053542593,0.6822530427398811,0.6824098682919937,0.000325126575708926
3.74527792930603,0.031673125364458314,0.045821523666381835,0.0016381225215570993,0.8,3,250,"{'learning_rate': 0.8, 'max_depth': 3, 'n_estimators': 250}",0.6210924081071797,0.6275322283609577,0.6297665819274324,0.6313579094727019,0.626559924652696,0.6272618105041936,0.003512241510618497,19,0.7036556909515167,0.7016818781929854,0.7055909208744995,0.701677900473254,0.7027415782054601,0.7030695937395431,0.0014608736591192745
4.983326816558838,0.019616567508432305,0.061718082427978514,0.035888777497468216,0.1,5,250,"{'learning_rate': 0.1, 'max_depth': 5, 'n_estimators': 250}",0.6203408466190214,0.6256945987997333,0.6299230168470378,0.630121566861774,0.6256096177838267,0.6263379293822786,0.003579890456381294,20,0.6583449428810254,0.6580185396542605,0.6546738586442752,0.6566293508153004,0.6576263650762776,0.6570586114142278,0.0013243689459395429
3.1618020057678224,0.020932176129737134,0.045523643493652344,0.004028698741886229,0.5,4,150,"{'learning_rate': 0.5, 'max_depth': 4, 'n_estimators': 150}",0.6229985443959243,0.6275087878444268,0.6275792084789718,0.628089759653719,0.6252310536044362,0.6262814707954957,0.0019152713044768162,21,0.6800135923429801,0.6783094458864688,0.6749592856741731,0.6758954446976732,0.6778428941733349,0.677404132554926,0.0017930309362907658
3.7170165538787843,0.040109314116520675,0.04511895179748535,0.005258506868287274,0.5,2,300,"{'learning_rate': 0.5, 'max_depth': 2, 'n_estimators': 300}",0.6211904499944988,0.6216963397102732,0.6283482142857143,0.6274994383284656,0.6259041591320073,0.6249277202901918,0.0029555356661335893,22,0.658273581235062,0.6576225953519405,0.6588739528540815,0.6576271186440678,0.6621455682071891,0.6589085632584681,0.001683948624191338
3.3078909873962403,0.02670408023610026,0.05764827728271484,0.03267070303265624,0.5,3,200,"{'learning_rate': 0.5, 'max_depth': 3, 'n_estimators': 200}",0.6175914600244635,0.6243456955117497,0.6251397897562067,0.6308983666061706,0.6228467815049864,0.6241644186807154,0.0042724751119410116,23,0.6671334154811247,0.6668341848842728,0.6681408498012652,0.6664055944055944,0.6683830525549896,0.6673794194254493,0.0007606825212579294
3.753473424911499,0.053929313590166915,0.046121072769165036,0.005711189832526281,0.8,2,300,"{'learning_rate': 0.8, 'max_depth': 2, 'n_estimators': 300}",0.6172618381282884,0.6268152651131375,0.6219663618918614,0.6288129784074031,0.623844837421563,0.6237402561924507,0.004007885461676406,24,0.6728887889351175,0.6701694248545981,0.6734774287965777,0.6710832888863936,0.6717080850106826,0.671865403296674,0.0011965566636957898
3.1532508373260497,0.02052999098710724,0.06285452842712402,0.03334825509457456,0.8,4,150,"{'learning_rate': 0.8, 'max_depth': 4, 'n_estimators': 150}",0.6202185792349727,0.6257739050676451,0.6197928653624856,0.6296296296296297,0.6223931026447629,0.6235616163878992,0.0037002651788662255,25,0.6999541389589544,0.6928286852589641,0.6975773004204685,0.6961721119185215,0.6979842744817727,0.6969033022077362,0.0023692835224534974
4.889743995666504,0.03801343302192367,0.06130638122558594,0.03430177528012988,0.1,4,300,"{'learning_rate': 0.1, 'max_depth': 4, 'n_estimators': 300}",0.6179824561403509,0.6232650363516193,0.6230979748221127,0.6241417497231451,0.6253918495297806,0.6227758133134017,0.0025309613971028566,26,0.6471091958785669,0.6446262776538005,0.6444640008800396,0.6450475272076044,0.6459623909033342,0.645441878504669,0.0009826334743586235
2.8540753364562987,0.008172023619933931,0.03822693824768066,0.000826012425436097,0.5,5,100,"{'learning_rate': 0.5, 'max_depth': 5, 'n_estimators': 100}",0.6161548731642189,0.6233062330623306,0.6247751798561151,0.6274509803921569,0.6164711242738353,0.6216316781497314,0.004542614332681249,27,0.6770976712829012,0.6763149003266133,0.6776682624612785,0.6765416830625668,0.6768280701754386,0.6768901174617596,0.00047004667380874795
4.3339756488800045,0.03269250430935484,0.03860597610473633,0.001175796667458369,0.1,5,200,"{'learning_rate': 0.1, 'max_depth': 5, 'n_estimators': 200}",0.6142965944946143,0.6205755871650678,0.622972525653757,0.6208120701131573,0.6204502183895173,0.6198213991632228,0.002911999549387122,28,0.6461928654132436,0.6431068174937384,0.6432919271765776,0.643318580421695,0.6461640211640212,0.6444148423338552,0.0014418495249919883
3.408182382583618,0.05990078085170978,0.04079623222351074,0.0019971888166165326,0.5,2,250,"{'learning_rate': 0.5, 'max_depth': 2, 'n_estimators': 250}",0.6175600131535679,0.6174084630563473,0.6209338349192299,0.6237325905292479,0.6192757660167131,0.6197821335350213,0.0023563134399403854,29,0.6481379462318202,0.6464246424642465,0.6491053677932406,0.6477344718358353,0.6499972371111233,0.6482799330872531,0.0012157522036977638
3.3027511119842528,0.03722911513993702,0.04133272171020508,0.0011919755973327528,0.8,3,200,"{'learning_rate': 0.8, 'max_depth': 3, 'n_estimators': 200}",0.6116700201207244,0.6188219363574814,0.6236313868613139,0.6228230980751605,0.621260929590428,0.6196414742010217,0.004309999807489805,30,0.6831285042759245,0.681419931038381,0.6857159055475239,0.6818130503499661,0.6829006165507099,0.6829956015525012,0.001503855313883629
2.8611856937408446,0.02893032790834824,0.0414825439453125,0.0024171888823500834,0.8,5,100,"{'learning_rate': 0.8, 'max_depth': 5, 'n_estimators': 100}",0.614911781445646,0.6216278533548536,0.617080529125087,0.6234733046411539,0.6172868307476963,0.6188760598628874,0.003167715585531301,31,0.6946036089968357,0.695291729796175,0.6969904631374565,0.6928078480579478,0.696670283854018,0.6952727867684866,0.0015117864126700257
2.860250186920166,0.03560464225814341,0.0539705753326416,0.03200220345120326,0.5,3,150,"{'learning_rate': 0.5, 'max_depth': 3, 'n_estimators': 150}",0.615164205422085,0.6188064303016957,0.6176567838642125,0.6253911488600805,0.617281183458478,0.6188599503813104,0.003471543271691873,32,0.6508836463202147,0.6497711102531576,0.64856836372638,0.6495571326401497,0.6520708101251861,0.6501702126130177,0.0012018592396970198
4.348263120651245,0.041382683286927416,0.03746256828308105,0.000791170514879584,0.1,4,250,"{'learning_rate': 0.1, 'max_depth': 4, 'n_estimators': 250}",0.613996957183221,0.619668895954391,0.6178773379730318,0.6192413413963717,0.621326803205699,0.6184222671425429,0.002471502045552336,33,0.639435226898143,0.6370106761565836,0.6371647509578544,0.637531148169446,0.6387133831131534,0.637971037059036,0.0009445445594687947
3.3674810886383058,0.041518133544597026,0.056905603408813475,0.034680872877222504,0.8,2,250,"{'learning_rate': 0.8, 'max_depth': 2, 'n_estimators': 250}",0.6101246277710378,0.6209964412811388,0.617460140483889,0.6252396526446374,0.6174980295011823,0.6182637783363771,0.004972087009217301,34,0.6587621136811707,0.6599360311500486,0.6609854267869535,0.6596762529899316,0.6612741827885257,0.660126801479326,0.0009116448139337403
2.61488823890686,0.010524699403316412,0.052962970733642575,0.033269157757228406,0.5,4,100,"{'learning_rate': 0.5, 'max_depth': 4, 'n_estimators': 100}",0.6116695804195804,0.6183874902961074,0.6176600441501103,0.6194079679501446,0.61510750872453,0.6164465183080946,0.0027792906816484224,35,0.651862899439335,0.6516456814667551,0.6486010619274258,0.6488432159147112,0.6531884377758164,0.6508282593048087,0.001800550306557006
2.998337459564209,0.026761406469958036,0.03779468536376953,0.0014290485578878117,0.5,2,200,"{'learning_rate': 0.5, 'max_depth': 2, 'n_estimators': 200}",0.6111111111111112,0.6144984240843386,0.6186987424822308,0.6176405733186329,0.6154867256637168,0.6154871153320061,0.0026487300250713683,36,0.6378919170106333,0.6354325561124428,0.6365943512075317,0.6375276420322695,0.6386425834701697,0.6372178099666094,0.0011096150594011233
2.872426414489746,0.044546809927935645,0.03809518814086914,0.0007247740874968288,0.8,3,150,"{'learning_rate': 0.8, 'max_depth': 3, 'n_estimators': 150}",0.6085519065461759,0.6137589433131535,0.614649327553629,0.6214229159597331,0.6143746462931522,0.6145515479331687,0.004095863094809106,37,0.6629596512797585,0.6597738108437743,0.6621035058430718,0.6638870358016455,0.662899768975979,0.6623247545488459,0.0013950428623834615
3.6554608821868895,0.04280359363733286,0.035248613357543944,0.0012463288895468076,0.1,5,150,"{'learning_rate': 0.1, 'max_depth': 5, 'n_estimators': 150}",0.6078178694158075,0.615485278080698,0.6133275356016958,0.6146266695861616,0.6149088901159581,0.6132332485600642,0.0027984372447451725,38,0.6326753190097066,0.6300416111398188,0.6303501945525292,0.6317106336687517,0.6327748263179404,0.6315105169377493,0.0011401158767896345
4.261050796508789,0.0432957377123036,0.054871749877929685,0.0357375427866792,0.1,3,300,"{'learning_rate': 0.1, 'max_depth': 3, 'n_estimators': 300}",0.6067512362932702,0.616270229173455,0.6142022082701883,0.615401419989077,0.6134564643799473,0.6132163116211876,0.003374254748567871,39,0.6304839192832439,0.6278646187304607,0.6264909997831273,0.6287392581311868,0.6293428951729009,0.6285843382201839,0.0013496576603289085
3.799806499481201,0.03321421847833915,0.05321359634399414,0.03359251713661503,0.1,4,200,"{'learning_rate': 0.1, 'max_depth': 4, 'n_estimators': 200}",0.6092214663643235,0.613397025295842,0.6121034968063224,0.6151153888220496,0.6139289250742656,0.6127532604725606,0.002013555720003692,40,0.6304430759169437,0.6271521921856783,0.6274307721515554,0.6285667699331485,0.6298186556629384,0.6286822931700529,0.001289382417855557
3.0030056953430178,0.017275012940780134,0.03749771118164062,0.001278900276776279,0.8,2,200,"{'learning_rate': 0.8, 'max_depth': 2, 'n_estimators': 200}",0.607228391029828,0.6131578947368421,0.6114775725593667,0.6163128491620111,0.6128059001005699,0.6121965215177235,0.002947505458799912,41,0.6475136905253309,0.6474974548056022,0.6466363287460936,0.6478648470173894,0.6486590459441636,0.6476342734077158,0.0006530660073843127
2.610357236862183,0.020716021566178758,0.05275049209594727,0.030876036490534473,0.8,4,100,"{'learning_rate': 0.8, 'max_depth': 4, 'n_estimators': 100}",0.6099447513812155,0.6131386861313869,0.6123313635856841,0.6159044829916648,0.6087152856175209,0.6120069139414944,0.0025165274411567905,42,0.6618189892037413,0.6595750574808167,0.6620969084753289,0.6621861808487003,0.6644254278728606,0.6620205127762896,0.0015386852951277843
3.866442823410034,0.024715255448727998,0.053079414367675784,0.032758586069275716,0.1,3,250,"{'learning_rate': 0.1, 'max_depth': 3, 'n_estimators': 250}",0.6021917225236727,0.6090047393364929,0.6098664368806549,0.6095838313593394,0.6110319113937932,0.6083357282987907,0.003142184463947704,43,0.6231707646947442,0.6204440607548494,0.6225855185065285,0.6220491603796544,0.6230278798357467,0.6222554768343047,0.0009866185141053881
2.4264669895172117,0.04353083672621584,0.034571599960327146,0.0017292875518298526,0.5,3,100,"{'learning_rate': 0.5, 'max_depth': 3, 'n_estimators': 100}",0.6016593039543152,0.6106903267690976,0.608573588165425,0.6130520764667106,0.6049369171695008,0.6077824425050098,0.0040605562324799544,44,0.6313878502140573,0.6275653488874487,0.6294451962110961,0.6308463100880163,0.6320149435555916,0.630251929791242,0.001588732620638869
2.610979747772217,0.018103108755478343,0.0496610164642334,0.03261906303570378,0.5,2,150,"{'learning_rate': 0.5, 'max_depth': 2, 'n_estimators': 150}",0.6032695800833422,0.6072891956006038,0.6093128293364878,0.6098596147567744,0.6051483420593369,0.6069759123673091,0.0024880506026149812,45,0.6267590387529768,0.6238591390033116,0.625098018008274,0.6248652145783912,0.6278711143576008,0.6256905049401109,0.0014340758753216027
2.4052817821502686,0.016321092702362046,0.0510673999786377,0.034673173911150164,0.8,3,100,"{'learning_rate': 0.8, 'max_depth': 3, 'n_estimators': 100}",0.5967255493321844,0.6081592901201168,0.6073252907292686,0.6108102133303858,0.6102144594295822,0.6066469605883075,0.005123307429443685,46,0.6365992742353551,0.6369790392300791,0.6377340008707009,0.6353369169788782,0.637861429350791,0.6369021321331608,0.0009121176278600584
3.287852573394775,0.031787689576086665,0.05128402709960937,0.03454945295506931,0.8,1,300,"{'learning_rate': 0.8, 'max_depth': 1, 'n_estimators': 300}",0.600896860986547,0.6051636599330237,0.6096872284969591,0.6094140667463854,0.6073034323939028,0.6064930497113636,0.0032396433183890547,47,0.6287312926093924,0.6282408283543757,0.6283423184244034,0.6248415374241403,0.627778380136615,0.6275868713897854,0.0014058160651075954
2.6406435489654543,0.05170785968034666,0.03330140113830567,0.0006636116091233503,0.8,2,150,"{'learning_rate': 0.8, 'max_depth': 2, 'n_estimators': 150}",0.6004946768469728,0.6047413793103448,0.6073128515794028,0.6076982463880004,0.6047278724573941,0.6049950053164229,0.002571714060238772,48,0.6327000731727147,0.6316646316646317,0.6329395187513549,0.6352115740237136,0.6315532532342492,0.6328138101693328,0.0013181521365626563
2.2222074031829835,0.02995256775553498,0.032384204864501956,0.001662768648511231,0.5,5,50,"{'learning_rate': 0.5, 'max_depth': 5, 'n_estimators': 50}",0.6027015437392796,0.6081272469767949,0.6053879310344827,0.607550482879719,0.5998466425676415,0.6047227694395836,0.003094861455738276,49,0.6322891827444179,0.6314931979254351,0.6317189705722662,0.6339438339438339,0.6332466688332792,0.6325383708038465,0.0009276756448892904
3.2556968688964845,0.02835330320877033,0.03234872817993164,0.0008991969350815797,0.1,4,150,"{'learning_rate': 0.1, 'max_depth': 4, 'n_estimators': 150}",0.6013657703798548,0.6047409632092674,0.6048602933304785,0.6046009288260071,0.6066196418882257,0.6044375195267667,0.001702634381102765,50,0.6188821548821549,0.6164703356857273,0.6168053691275168,0.6176107382550335,0.6187491593813046,0.6177035514663475,0.0009816892472800456
3.335781621932983,0.03872518787374913,0.05206298828125,0.03148750235728375,0.5,1,300,"{'learning_rate': 0.5, 'max_depth': 1, 'n_estimators': 300}",0.5979513444302177,0.6049250535331906,0.6075949367088608,0.6093104198390255,0.6016875811337083,0.6042938671290006,0.004086112544074213,51,0.6210537657580002,0.6206005116466945,0.6198304856720033,0.6196267955430259,0.6208473436449227,0.6203917804529293,0.0005638412579360141
3.049326038360596,0.04480722947530044,0.03198008537292481,0.000764089111542442,0.8,1,250,"{'learning_rate': 0.8, 'max_depth': 1, 'n_estimators': 250}",0.5987693613409718,0.6012847965738758,0.6007059578564552,0.6114497170222029,0.605203004245129,0.6034825674077269,0.004498654122223028,52,0.62094037809016,0.6210752688172043,0.6214235680801767,0.6211556508915405,0.6206970566928711,0.6210583845143905,0.00023982834498421807
3.372535228729248,0.026228397624842102,0.03344254493713379,0.002648094524822801,0.1,3,200,"{'learning_rate': 0.1, 'max_depth': 3, 'n_estimators': 200}",0.5977742448330684,0.603144048764838,0.6037171544541765,0.6059166486719931,0.6038594969644406,0.6028823187377033,0.00272102582614543,53,0.6139033417368449,0.6133726383491893,0.6144907357823712,0.6137934730185949,0.6148567139372169,0.6140833805648435,0.0005264214357613947
2.9656331539154053,0.039605277857572424,0.03225274085998535,0.0019558786235321876,0.1,5,100,"{'learning_rate': 0.1, 'max_depth': 5, 'n_estimators': 100}",0.5985138004246284,0.6036316750832706,0.6041332048399186,0.6037898363479759,0.6018890457062208,0.6023915124804029,0.0020888240156617813,54,0.6143086816720257,0.6142516669790857,0.6135724802569937,0.6156028368794326,0.6153722506496638,0.6146215832874403,0.0007565345682932661
3.0159300804138183,0.03456210764330507,0.03156428337097168,0.0005484882169694872,0.5,1,250,"{'learning_rate': 0.5, 'max_depth': 1, 'n_estimators': 250}",0.5957582184517497,0.6009977709372678,0.6038178521915325,0.6026540079836012,0.5994403788204907,0.6005336456769284,0.0028105977514320756,55,0.612363597556095,0.6137710168134508,0.614431778744761,0.6117059433034884,0.6148379685287596,0.613422060989311,0.0012009578697179943
2.1880423069000243,0.013434834999417356,0.04863262176513672,0.030714983224209447,0.8,5,50,"{'learning_rate': 0.8, 'max_depth': 5, 'n_estimators': 50}",0.6015379616592657,0.6004352557127313,0.5995816360233404,0.6064958020326999,0.5931960805901134,0.6002493472036302,0.004263981596167411,56,0.6400347844991575,0.6413778068454328,0.6402658241638522,0.6415979915952628,0.6391316146540027,0.6404816043515416,0.0009075440089984673
3.768250036239624,0.04260927450749024,0.03138599395751953,0.0014329139213223561,0.1,2,300,"{'learning_rate': 0.1, 'max_depth': 2, 'n_estimators': 300}",0.5965765004226543,0.5993617021276596,0.6002769197997657,0.5980948303542759,0.6002811114715104,0.5989182128351731,0.001418579274760898,57,0.6106747876262222,0.6090269636576788,0.6096638431623249,0.6104340389138336,0.6102888231058484,0.6100176912931816,0.000597558890724196
2.252596712112427,0.011686446660053543,0.04767918586730957,0.03206015527562969,0.5,2,100,"{'learning_rate': 0.5, 'max_depth': 2, 'n_estimators': 100}",0.5940761041425108,0.5962982548915917,0.6021208907741251,0.5989902245139113,0.5968743309783773,0.5976719610601032,0.0027197155546281305,58,0.6091691457713557,0.6096381701291111,0.6101010101010101,0.610634556982258,0.6113534794637157,0.6101792724894902,0.0007622753754676897
2.0813777923583983,0.020897180247425623,0.031518077850341795,0.0014104175954853812,0.5,4,50,"{'learning_rate': 0.5, 'max_depth': 4, 'n_estimators': 50}",0.5913783927621075,0.6002562459961563,0.5980988999252377,0.598431962195253,0.5962517603726574,0.5968834522502824,0.0030316875943617832,59,0.6185489501100908,0.615006544327804,0.6141669331627758,0.6162877574981321,0.6192735558236161,0.6166567481844838,0.0019741639286052163
2.705597734451294,0.03109610339342356,0.04786844253540039,0.032649372015225844,0.8,1,200,"{'learning_rate': 0.8, 'max_depth': 1, 'n_estimators': 200}",0.5898190997055112,0.5925140494115152,0.5942028985507246,0.6034241412727469,0.5970920840064621,0.595410454589392,0.004650970989670585,60,0.6134002723849707,0.611486306833289,0.6113655730720068,0.6111155367906742,0.6101550881665604,0.6115045554495002,0.001056956884391877
3.3679768562316896,0.012468256936073029,0.047080039978027344,0.03275381794706697,0.1,2,250,"{'learning_rate': 0.1, 'max_depth': 2, 'n_estimators': 250}",0.5935293497734219,0.5958077493118781,0.5969328397673189,0.5956540264167022,0.5932695409095796,0.5950387012357802,0.0014117996242393304,61,0.6042424403323864,0.6021380186282811,0.6042902542372881,0.6058027285057044,0.6050357805459846,0.604301844449929,0.001222875342020963
2.921238374710083,0.031939905230471265,0.045912742614746094,0.030484262930596612,0.1,3,150,"{'learning_rate': 0.1, 'max_depth': 3, 'n_estimators': 150}",0.5899717366272376,0.594268795601142,0.5969549587650667,0.5942893671425528,0.5942991855979426,0.5939568087467884,0.0022447652938430945,62,0.6046956336980771,0.6026388300127172,0.6045611243701936,0.6039606585191273,0.6048508946322068,0.6041414282464644,0.0008095814002001948
2.2764210224151613,0.040158248968364084,0.03340559005737305,0.0053051137976289865,0.8,2,100,"{'learning_rate': 0.8, 'max_depth': 2, 'n_estimators': 100}",0.5930379746835444,0.5923895857489195,0.5950764006791172,0.5944546337253209,0.5944839474251239,0.5938885084524052,0.001005615264417391,63,0.614618028724453,0.6124315414473335,0.6148146173734573,0.6148844893282528,0.6134314823705126,0.614036031848802,0.0009596525826580164
2.0953712940216063,0.04447614523676656,0.03149943351745606,0.0009518066524113881,0.8,4,50,"{'learning_rate': 0.8, 'max_depth': 4, 'n_estimators': 50}",0.58772394784268,0.5992084714942775,0.5943637916310845,0.595901550471647,0.591683856258821,0.593776323539702,0.0038827724777667607,64,0.6248222955392827,0.6197017163359841,0.6207136361204729,0.6211971209161694,0.62421032823463,0.6221290194293079,0.0020173808566678534
2.7367036819458006,0.06662149431570402,0.03108687400817871,0.0017412047563737055,0.5,1,200,"{'learning_rate': 0.5, 'max_depth': 1, 'n_estimators': 200}",0.5900326625223896,0.5940489958994848,0.5990235618764593,0.5913955479452054,0.5931949497111063,0.5935391435909291,0.0030772609415029026,65,0.605525974197992,0.6053662150719729,0.606440686936043,0.6034806031637046,0.6062998383977535,0.6054226635534932,0.0010574748595347293
2.677172088623047,0.04040868619517755,0.029415321350097657,0.00037485498315727124,0.1,4,100,"{'learning_rate': 0.1, 'max_depth': 4, 'n_estimators': 100}",0.5893942569691889,0.5919898552256155,0.5942808905771869,0.5913578936192802,0.594820205479452,0.5923686203741447,0.0019838808499245833,66,0.6036155436568944,0.6009148840529892,0.6020095187731359,0.6024542473288903,0.6042113627334128,0.6026411113090645,0.0011686655427717262
1.9631291389465333,0.029049002372936457,0.04567389488220215,0.0320742745159597,0.5,3,50,"{'learning_rate': 0.5, 'max_depth': 3, 'n_estimators': 50}",0.5833420202230793,0.5883092394720302,0.5902259590120862,0.594137783483098,0.5881726158763985,0.5888375236133385,0.003491196112750725,67,0.6024610682195463,0.5995791688584955,0.6017787601305126,0.6016614963983385,0.6023094931214983,0.6015579973456783,0.0010349389689309674
3.0121764659881594,0.012407436321018647,0.0459233283996582,0.03200071110358686,0.1,2,200,"{'learning_rate': 0.1, 'max_depth': 2, 'n_estimators': 200}",0.5879779143660798,0.5893364181301924,0.5897623783104784,0.5900253592561285,0.5863941232832961,0.588699238669235,0.0013512013222348887,68,0.5966207132878193,0.5947010477115774,0.5950612748313958,0.5982076963626779,0.5978172255095332,0.5964815915406008,0.0014121152005295659
1.9637771129608155,0.008700335134692209,0.04454336166381836,0.03150969306933656,0.8,3,50,"{'learning_rate': 0.8, 'max_depth': 3, 'n_estimators': 50}",0.5835077438258686,0.5857618651124064,0.5879629629629629,0.5892933618843683,0.5899465240641711,0.5872944915699554,0.0023733527012735735,69,0.6068196895316439,0.6010754098360656,0.6043225925050553,0.6054823405376911,0.6051629284807448,0.6045725921782401,0.0019244931651872944
2.4014981746673585,0.013159364506389512,0.03039441108703613,0.002379922386091854,0.8,1,150,"{'learning_rate': 0.8, 'max_depth': 1, 'n_estimators': 150}",0.582673885880883,0.5823314166231051,0.5909807631661936,0.592671269251195,0.5874200426439232,0.58721547551306,0.004206304595784487,70,0.5990465404166776,0.5997107166337936,0.6003211117837496,0.5992215852311576,0.5986527024893427,0.5993905313109442,0.0005761531984697072
2.4614086627960203,0.05917526098052046,0.029568576812744142,0.0009018232546515709,0.5,1,150,"{'learning_rate': 0.5, 'max_depth': 1, 'n_estimators': 150}",0.5816582914572864,0.5845993756503642,0.5927954497577417,0.5824117956819379,0.585453393856223,0.5853836612807106,0.003956385736218199,71,0.5957368614479971,0.5953590697187157,0.5951352342052209,0.5948833433711278,0.5979170492405362,0.5958063115967196,0.0010919960835511732
2.4460949897766113,0.01723240053333848,0.028359031677246092,0.00040882032464990245,0.1,3,100,"{'learning_rate': 0.1, 'max_depth': 3, 'n_estimators': 100}",0.5807783627542067,0.5825,0.5850609438483175,0.5805372635099822,0.5797956388918151,0.5817344418008643,0.0018845675870994489,72,0.5891383812010443,0.589064335116795,0.5905421592625384,0.5886280646844028,0.589749602647281,0.5894245085824122,0.0006634373942097444
2.641334342956543,0.036512045362798826,0.028624200820922853,0.0007953388166550496,0.1,2,150,"{'learning_rate': 0.1, 'max_depth': 2, 'n_estimators': 150}",0.580525118875336,0.5802893121032365,0.5832987120897383,0.5782277424068469,0.5800126502213788,0.5804707071393074,0.0016293669768909628,73,0.5859710265546568,0.5846265635542638,0.5853240992918839,0.587453412911465,0.5874551412076767,0.5861660487039894,0.0011345477568840353
2.2452733516693115,0.026546765296831924,0.04652872085571289,0.0362474291244079,0.1,5,50,"{'learning_rate': 0.1, 'max_depth': 5, 'n_estimators': 50}",0.5779013489856863,0.579390662368722,0.5839324788996562,0.5765087333960883,0.5784427352228427,0.5792351917745991,0.0025270289552188165,74,0.5852098393052161,0.588226104616346,0.5860203869357188,0.5871960091457078,0.5889753092864227,0.5871255298578822,0.001380516369711981
1.9504236698150634,0.08580649400266571,0.028397178649902342,0.001020915957016778,0.5,2,50,"{'learning_rate': 0.5, 'max_depth': 2, 'n_estimators': 50}",0.5726565697912402,0.573482592174181,0.5784799669558034,0.576943140323422,0.5742056856187291,0.5751535909726752,0.002199688177221216,75,0.5811457390404758,0.581514430536878,0.5811114265802855,0.583029645137112,0.5863207424545714,0.5826243967498644,0.0019765996141664203
3.2438419818878175,0.03361414647492432,0.029761648178100585,0.002447988414908629,0.1,1,300,"{'learning_rate': 0.1, 'max_depth': 1, 'n_estimators': 300}",0.5750615258408531,0.5755202967236761,0.5781540367540781,0.5706898334884682,0.5715773034877668,0.5742005992589685,0.002732018338299006,76,0.5793958171959721,0.5815046212629731,0.580097963392627,0.5809179989685405,0.5814355350372682,0.5806703871714762,0.0008117766913425876
2.104393720626831,0.03980818292965684,0.03039698600769043,0.0027038325548172154,0.8,1,100,"{'learning_rate': 0.8, 'max_depth': 1, 'n_estimators': 100}",0.5673194614443084,0.5694401801248593,0.5780299123259413,0.5767354985991491,0.5716664931820548,0.5726383091352625,0.004130833878102079,77,0.5825072284180091,0.5822000877351431,0.5829366721854304,0.5820741581145893,0.5815222988979297,0.5822480890702203,0.00046917531644671525
2.103953552246094,0.012048943933305648,0.04396224021911621,0.030826826377221526,0.5,1,100,"{'learning_rate': 0.5, 'max_depth': 1, 'n_estimators': 100}",0.5692845394736842,0.5733606557377049,0.5772240527182867,0.5696478653786227,0.5705134827978097,0.5720061192212217,0.00297516117731847,78,0.5798828780022186,0.5794638028277833,0.5778908679672038,0.5794820358511432,0.5816352850141863,0.5796709739325071,0.001195894315840512
1.888328218460083,0.011510927735749162,0.046184873580932616,0.032796822406254485,0.8,2,50,"{'learning_rate': 0.8, 'max_depth': 2, 'n_estimators': 50}",0.5697959183673469,0.5733429543346047,0.5738007380073801,0.5686847599164927,0.5743546870101369,0.5719958115271921,0.002299540805027571,79,0.5839826616440477,0.5825910619400878,0.5820999253520039,0.5857853294653957,0.5858046453753629,0.5840527247553796,0.0015508666915562681
2.1201085090637206,0.030264094903345664,0.027930164337158205,0.00047166326714492645,0.1,4,50,"{'learning_rate': 0.1, 'max_depth': 4, 'n_estimators': 50}",0.5732170343766034,0.5701088072264422,0.5757013201320133,0.5685425685425686,0.5692930551230146,0.5713725570801284,0.0026859081615582888,80,0.5765477358393143,0.5745532963647566,0.5759917568263782,0.5763190309997948,0.5778498609823911,0.576252336202527,0.00105815240351109
2.956696081161499,0.04125975196249557,0.02924351692199707,0.0029155766832920605,0.1,1,250,"{'learning_rate': 0.1, 'max_depth': 1, 'n_estimators': 250}",0.568406062455498,0.5692922257502817,0.571486969851814,0.5641815567878414,0.5649437738574229,0.5676621177405716,0.0027329067875719966,81,0.5717289839462482,0.5742300504339367,0.5731601288804787,0.5734820195406415,0.5750921375921376,0.5735386640786885,0.0011236311432970263
2.2643853187561036,0.023445654693904416,0.04466843605041504,0.03129216671162598,0.1,2,100,"{'learning_rate': 0.1, 'max_depth': 2, 'n_estimators': 100}",0.5648204503956178,0.5638622937461805,0.5699703991017658,0.5626540673788003,0.5655856228052055,0.565378566685514,0.0024964483198147303,82,0.5699020936117999,0.5686419312944052,0.5702470900551359,0.5710269386085979,0.5711955136375223,0.5702027134414922,0.0009157927529562539
2.6436367511749266,0.025375007462004977,0.028472900390625,0.002386139941461675,0.1,1,200,"{'learning_rate': 0.1, 'max_depth': 1, 'n_estimators': 200}",0.5584988962472406,0.5603806053244256,0.5620319773325237,0.5530964467005076,0.5557139947036056,0.5579443840616606,0.0032071236302736584,83,0.5639034787242141,0.5644115859833907,0.5638481012658227,0.5636051328685461,0.5653350874086068,0.564220677250116,0.0006159023949258251
1.997816514968872,0.06462714111147348,0.027345848083496094,0.00035555308904116636,0.1,3,50,"{'learning_rate': 0.1, 'max_depth': 3, 'n_estimators': 50}",0.5556891025641025,0.5551980695757088,0.5608444128691769,0.5512274294988841,0.5562724014336917,0.5558462831883129,0.0030640356755860377,84,0.5592817400101163,0.5604148223093461,0.5626536249144769,0.5602758342980823,0.5611354264173856,0.5607522895898814,0.0011193998143833289
2.3668322563171387,0.020158642911290166,0.044978761672973634,0.035882925393058165,0.1,1,150,"{'learning_rate': 0.1, 'max_depth': 1, 'n_estimators': 150}",0.5481055346161476,0.5428288822947577,0.5511102220444088,0.543306298187644,0.547804139323574,0.5466310152933064,0.0031344434757794755,85,0.5496328121097067,0.5503091344236138,0.5499675373320682,0.5509798070227793,0.5530659197759328,0.5507910421328202,0.0012216867403970911
1.819300603866577,0.04172336071583172,0.027970504760742188,0.0023815517055781983,0.8,1,50,"{'learning_rate': 0.8, 'max_depth': 1, 'n_estimators': 50}",0.5376722368806801,0.5392906133646874,0.5477922854579886,0.540027949690557,0.5407690759009463,0.5411104322589718,0.003494807093806428,86,0.5495072852284856,0.5496482986603037,0.5509181969949917,0.5472061657032755,0.5508545949962844,0.5496269083166683,0.0013453180341016701
1.7973890781402588,0.01720332518114941,0.04327545166015625,0.0342086573250994,0.5,1,50,"{'learning_rate': 0.5, 'max_depth': 1, 'n_estimators': 50}",0.5373633947031604,0.5406571848945562,0.5429478278119421,0.5388008822939643,0.5365319530161258,0.5392602485439497,0.0023152684663969134,87,0.5433637510201054,0.5435978392244888,0.5433897049746945,0.5449914690536831,0.5459042342698852,0.5442493997085714,0.0010234377399264136
1.8798922061920167,0.01887537240310112,0.028645801544189452,0.004377552563989886,0.1,2,50,"{'learning_rate': 0.1, 'max_depth': 2, 'n_estimators': 50}",0.5333203239340424,0.5303489394976053,0.5392881790397318,0.5369978858350951,0.5334661354581673,0.5346842927529284,0.00312051559437794,88,0.5376609892962203,0.5363562593749231,0.5378521562608308,0.541674935503076,0.5395738391427516,0.5386236359155603,0.001837181596585275
2.08656849861145,0.05869616658496708,0.02609143257141113,0.0006404664627957995,0.1,1,100,"{'learning_rate': 0.1, 'max_depth': 1, 'n_estimators': 100}",0.5268141849454053,0.5266634288489558,0.5316554482489513,0.5255071892850108,0.5257142857142857,0.5272709074085218,0.002251026286306278,89,0.5303810756048141,0.5321817205875177,0.5303430079155673,0.533196841181632,0.5340147698928939,0.532023483036485,0.0014757052962890381
1.891512680053711,0.11500585985278283,0.026141023635864256,0.0008702284225043689,0.1,1,50,"{'learning_rate': 0.1, 'max_depth': 1, 'n_estimators': 50}",0.48830734966592426,0.49439252336448597,0.49873583668882854,0.49281391830559756,0.4909931151560879,0.49304854863618486,0.0034902819176333227,90,0.4935963354211461,0.4971109127636586,0.49589807479842973,0.49763875251320894,0.49824216003375055,0.49649724710603876,0.0016430847401755436
