mean_fit_time,std_fit_time,mean_score_time,std_score_time,param_max_depth,param_n_estimators,params,split0_test_score,split1_test_score,split2_test_score,split3_test_score,split4_test_score,mean_test_score,std_test_score,rank_test_score,split0_train_score,split1_train_score,split2_train_score,split3_train_score,split4_train_score,mean_train_score,std_train_score
343.1205296993256,56.33071697596941,2.529809522628784,2.189407181982608,5,201,"{'max_depth': 5, 'n_estimators': 201}",0.8268232106570332,0.824618791203261,0.8239519754853942,0.8263033532753506,0.8267324241356752,0.8256859509513428,0.0011760231492484931,1,0.8278984483419048,0.8281157708210277,0.828458398744113,0.8292542036592869,0.8274233756773898,0.8282300394487445,0.0006123359730358546
427.7111674785614,15.164849884731899,12.093336534500121,3.0087666133560442,5,191,"{'max_depth': 5, 'n_estimators': 191}",0.8266766954995612,0.8244205652162971,0.8245865020204302,0.8257983404576313,0.8264708101717937,0.8255905826731427,0.0009353848004519723,2,0.8281136198106337,0.8277769049489395,0.8293138927926119,0.8292468527297272,0.8274039336811245,0.8283710407926075,0.0007759607684523825
385.561091709137,9.312896894191585,24.125398206710816,2.5638718284260293,5,161,"{'max_depth': 5, 'n_estimators': 161}",0.8268671679197995,0.8236567258084811,0.8239135895503642,0.8262521067592383,0.8271524178533689,0.8255684015782503,0.0014870280051599992,3,0.8282064486955648,0.8277474668745128,0.8284939214307244,0.8290936948590589,0.827325431670718,0.8281733927061159,0.0006084797689371373
418.80367131233214,13.169401777196974,25.30636558532715,4.092228283166337,5,171,"{'max_depth': 5, 'n_estimators': 171}",0.82663455266195,0.8238195912614518,0.8239935668693773,0.8259863123993558,0.8265170009815519,0.8253902048347372,0.0012321395946104637,4,0.8274049765506142,0.8279442824097355,0.8287608452720264,0.8292125232423739,0.8273973291121748,0.828143991317385,0.000730178087601455
363.73624258041383,9.037305277726452,22.8108108997345,2.348671713314918,5,151,"{'max_depth': 5, 'n_estimators': 151}",0.8266111849196601,0.8234079520560018,0.8234112032152725,0.8264192688691104,0.8265768031385172,0.8252852824397123,0.0015328738130003998,5,0.8280487575123872,0.8266606291586481,0.8279665115344275,0.828946129362354,0.8269097941704655,0.8277063643476563,0.0008306639588217975
460.16784591674804,7.970786795943773,22.72151074409485,2.066971690020894,5,181,"{'max_depth': 5, 'n_estimators': 181}",0.8267301905717152,0.8241570206341218,0.8232396843745288,0.8260552580637052,0.8258330816470352,0.8252030470582212,0.001296482842108357,6,0.8277451854829592,0.8278444901062579,0.8282462883412465,0.8286184458457905,0.827166152822168,0.8279241125196843,0.000489643450684479
342.76205267906187,4.01980906090395,22.377700757980346,1.2901796385645137,5,141,"{'max_depth': 5, 'n_estimators': 141}",0.8265597594587822,0.8235146022155085,0.8234909949511442,0.8252666532501509,0.8267102615694165,0.8251084542890004,0.0014038261510978633,7,0.8282209359265723,0.827115021998743,0.8278287077734522,0.8281824917431654,0.8269216282048063,0.8276537571293477,0.0005400200201548994
312.6073684692383,6.791438616933033,20.56523780822754,1.9242228831488124,5,131,"{'max_depth': 5, 'n_estimators': 131}",0.8272198837442373,0.8228571428571428,0.8222490323229277,0.8259502427489749,0.8271247830570717,0.8250802169460709,0.0021200487853977883,8,0.827967181624723,0.826345874496142,0.8277590083018299,0.828335719129059,0.8267812496073775,0.8274378066318263,0.0007500717517540848
296.4462589263916,11.683305362008824,21.041009664535522,1.4626903385274743,5,121,"{'max_depth': 5, 'n_estimators': 121}",0.8270329890704903,0.8221062977243517,0.8216602141887476,0.8247796524804835,0.8264325602455099,0.8244023427419165,0.002189773393826019,9,0.8275446243515181,0.8258216316875535,0.8271154909749108,0.8274215338213579,0.8265847282963856,0.8268976018263452,0.0006318576026071775
221.42261471748353,24.827226941393793,19.217504453659057,1.6156539748595238,5,91,"{'max_depth': 5, 'n_estimators': 91}",0.8260705953187326,0.8234106962663976,0.821641471942048,0.8244359387590653,0.8259480133866788,0.8243013431345844,0.0016569887626095344,10,0.8269536428001533,0.8245147801554215,0.8275840406083718,0.828086223903196,0.8256814966200283,0.8265640368174342,0.001302887880532951
259.7477695941925,9.636889001785736,22.464733362197876,2.117235667985949,5,111,"{'max_depth': 5, 'n_estimators': 111}",0.8264860797592175,0.8220497050965367,0.8206740442655935,0.8244032631684963,0.8258155457108337,0.8238857276001355,0.0022108713590453626,11,0.8269813146354029,0.8249162911306361,0.8267246744918553,0.8267748223605609,0.8259481740266922,0.8262690553290295,0.0007620548822595648
233.24957008361815,19.51358713495901,19.367558097839357,1.6401589919840567,5,101,"{'max_depth': 5, 'n_estimators': 101}",0.8256687178199171,0.8221369807702014,0.8210875464870842,0.824134021917118,0.8258506140527482,0.8237755762094137,0.0018936076328318874,12,0.8264497104665858,0.8244429609663321,0.8273720861536914,0.8267040807338526,0.825721418375496,0.8261380513391915,0.0009987268905266163
179.00410418510438,3.9046487815726345,19.01938486099243,2.3892784808591645,5,81,"{'max_depth': 5, 'n_estimators': 81}",0.8249416137214033,0.8225477096831119,0.8197901200392581,0.8240243871715416,0.8254790524568727,0.8233565766144375,0.002041425751164691,13,0.8258483818048109,0.8244565012147685,0.8264346426595585,0.827328817904221,0.8253223768177903,0.8258781440802299,0.0009741639176609317
128.9691164970398,2.974031254116366,11.17172031402588,1.18187029711588,5,61,"{'max_depth': 5, 'n_estimators': 61}",0.8248621553884712,0.8221170785725072,0.8215809284818067,0.8227192762000503,0.8237363079087529,0.8230031493103176,0.0011731873259849352,14,0.8259379667867498,0.824382124799799,0.8264243017267875,0.8261661121225438,0.8246177792282781,0.8255056569328316,0.0008387672379241832
164.31334924697876,6.796802282318801,18.41930236816406,2.842199592193215,5,71,"{'max_depth': 5, 'n_estimators': 71}",0.8246283648051427,0.8218922530062772,0.8201580033210889,0.8228980322003577,0.8234553919718133,0.822606409060936,0.0015098894401419085,15,0.8256958022393924,0.8241770686531106,0.8261566205254196,0.8262810436969507,0.8240719188208132,0.8252764907871374,0.0009611763261397383
114.17700419425964,7.032737890033783,14.763574361801147,1.2056351233382057,5,51,"{'max_depth': 5, 'n_estimators': 51}",0.8228003713088637,0.8204805319095351,0.821179072221943,0.8216937209009689,0.8246645560078396,0.82216365046983,0.0014617153040738465,16,0.8239442373808162,0.823602625028287,0.8262340776827025,0.8247468048055222,0.8245876308086582,0.8246230751411971,0.0009070869481077622
71.9991156578064,8.079415414174347,14.507531118392944,2.108407989435054,5,41,"{'max_depth': 5, 'n_estimators': 41}",0.822018164483918,0.8217194570135746,0.8191791138446091,0.820177204993959,0.8224256753357815,0.8211039231343683,0.0012268207201808219,17,0.8230890019471139,0.8240330416661436,0.8249725490196078,0.8232631817153202,0.8236771232885312,0.8238069795273434,0.0006689883168977392
69.48255634307861,2.7367710746200276,9.259563827514649,1.965638425977822,5,31,"{'max_depth': 5, 'n_estimators': 31}",0.8202233094969263,0.8189403840353876,0.8188080863749092,0.8207523479483703,0.8225223416005623,0.8202492938912311,0.0013572625816601698,18,0.8214994099776545,0.8210321324245375,0.8244520586558759,0.8229109159347553,0.8223753943415515,0.8224539822668749,0.0011950011652408403
64.56854739189149,3.1949937366733536,10.978532743453979,1.9691969455625984,5,21,"{'max_depth': 5, 'n_estimators': 21}",0.8194914192659402,0.8184899691164286,0.8162057813322636,0.8187592578644775,0.8207029586391763,0.8187298772436573,0.0014766499751363105,19,0.8212465920842342,0.8201171470364813,0.8224320142330028,0.8216702591608602,0.8207298520637822,0.821239172915672,0.0007908363429847596
372.19779920578003,15.030558073980211,19.969534349441528,0.5901948681865723,4,181,"{'max_depth': 4, 'n_estimators': 181}",0.8147043207847698,0.8137532914725542,0.8114988485968064,0.8133147702822427,0.8152240016217313,0.8136990465516207,0.0012905460900496718,20,0.8144401040842297,0.816046323455042,0.8165922854216974,0.814905747533743,0.81454646612168,0.8153061853232785,0.0008590085352825286
339.4106777191162,10.99773671361035,15.940813875198364,1.6315046852039772,4,191,"{'max_depth': 4, 'n_estimators': 191}",0.8144666009553416,0.8127042018083732,0.8105960935128024,0.813744591483009,0.8156401944894651,0.8134303364497983,0.0017097530494323526,21,0.8139964799878445,0.815304347826087,0.8158169232228087,0.8147876364832551,0.8147094702643938,0.814922971556878,0.0006110454076860655
323.7407495498657,9.931830459691778,11.720492601394653,3.420018321558852,4,201,"{'max_depth': 4, 'n_estimators': 201}",0.8149327671620665,0.8131522950653561,0.8098771685450171,0.8130538255101524,0.8160206587508545,0.8134073430066893,0.002088468043092281,22,0.8145832410436852,0.8156859769591663,0.8154360930314933,0.8139347843984117,0.8146865082877119,0.8148653207440937,0.0006287604265498555
306.0614284992218,7.951761100731571,23.736389017105104,1.4413536124522823,4,161,"{'max_depth': 4, 'n_estimators': 161}",0.8137616999747027,0.8139599625439728,0.811321232373864,0.8125380093249543,0.8153117800450644,0.8133785368525117,0.0013536090496812814,23,0.8138436007550134,0.8160960960960961,0.8165143413351537,0.8141975113193807,0.8150723025583982,0.8151447704128085,0.0010369511970567586
337.89623017311095,6.2805689112561565,20.97516212463379,1.6474253435536261,4,171,"{'max_depth': 4, 'n_estimators': 171}",0.814644266774618,0.8133789433675409,0.810773865276055,0.813394462878999,0.814621409921671,0.8133625896437767,0.001409262357348696,24,0.8144625011083104,0.8157836456019792,0.8166388425153033,0.8146121497694685,0.8142069934140185,0.8151408264818159,0.0009240061725837747
252.9707684993744,18.81846882783308,20.658521509170534,4.345583865337195,4,131,"{'max_depth': 4, 'n_estimators': 131}",0.8134101941747572,0.8131662235726042,0.8105276477287107,0.8125886884248936,0.8145784261580934,0.812854236011812,0.0013313741726164682,25,0.8136842171901015,0.8146423555313738,0.815741267134104,0.814062717593589,0.8139598096044804,0.8144180734107298,0.0007315698906688575
296.1323496341705,4.277388677559513,21.11178879737854,3.853712121993219,4,151,"{'max_depth': 4, 'n_estimators': 151}",0.8140099059941373,0.8128401812612339,0.8099612785665478,0.8121024757367661,0.8143609479440956,0.8126549579005561,0.001571097638854169,26,0.8141606366208953,0.8156707078113345,0.8153965716596427,0.8138717784769658,0.8138048734237224,0.8145809135985121,0.0007917945706307254
279.796329498291,4.669174789017375,19.323373365402222,1.8315134210169557,4,141,"{'max_depth': 4, 'n_estimators': 141}",0.8133228879735159,0.8129113924050633,0.8105249841872233,0.8124113475177305,0.8137490817903189,0.8125839387747703,0.0011207061863475183,27,0.813654572725029,0.814573178826787,0.8149921968294486,0.8137397622694532,0.8132582294965893,0.8140435880294614,0.0006388671368457298
159.0141725540161,3.4093159623050537,13.557121419906617,1.2450232211694483,4,91,"{'max_depth': 4, 'n_estimators': 91}",0.8131990485348449,0.8132096512570965,0.8098470266437038,0.8119168356997971,0.8130675188961599,0.8122480162063204,0.0012942349498548688,28,0.8126725251348546,0.8142577717009438,0.8149408349513335,0.8134869067466229,0.8132082399564452,0.8137132556980399,0.0007991049183617217
238.97553396224976,24.025296777248315,19.221228694915773,4.118281639472457,4,121,"{'max_depth': 4, 'n_estimators': 121}",0.8124020029335896,0.813047662462645,0.8102745792736935,0.811617710418937,0.8136306055231821,0.8121945121224095,0.0011706514890622451,29,0.8128961181215533,0.8143888351142237,0.8152089428685173,0.8129485920623357,0.8135072423451163,0.8137899461023492,0.0008898254171683185
207.27437505722045,9.26658503587302,18.064337730407715,1.7649964366278548,4,111,"{'max_depth': 4, 'n_estimators': 111}",0.8126629045727155,0.8133728740526702,0.8103273538056147,0.8107764968767457,0.8136091674272387,0.812149759346997,0.0013487928914439032,30,0.8128681640253866,0.8140336208971485,0.8150917141049968,0.8126926540915607,0.8129321480130689,0.8135236602264323,0.0009153126259476772
189.91478910446168,11.091361757446476,22.24499182701111,3.9570116291424577,4,101,"{'max_depth': 4, 'n_estimators': 101}",0.8129937208831274,0.8130831643002029,0.8096384321078369,0.8105856656676995,0.8127506217958479,0.811810320950943,0.001422786911646491,31,0.8122643721130633,0.8142895133410158,0.814548998759525,0.8129342563627481,0.8120275980917022,0.813212947733611,0.0010321379958665386
62.894236421585084,7.497690359242888,9.74870319366455,1.1345915892173564,5,11,"{'max_depth': 5, 'n_estimators': 11}",0.8109367951481129,0.8088723468463938,0.8120638085742772,0.8109436517290669,0.8156242966815874,0.8116881797958877,0.0022217978867438066,32,0.8149732085357543,0.8102197574440557,0.8181012421197179,0.8138747884940778,0.815029371836819,0.814439673686085,0.0025363862130542815
150.36700654029846,4.623717472288875,16.461480617523193,1.4398098344152777,4,81,"{'max_depth': 4, 'n_estimators': 81}",0.8119608388777859,0.8112519006588951,0.8096372111876773,0.810477423284855,0.8126298717753788,0.8111914491569184,0.0010573706225324288,33,0.8124248446261534,0.8132944059885625,0.81460169716591,0.8126461770540847,0.8126923807714231,0.8131319011212268,0.0007893976360988583
114.12500123977661,3.3469866182692596,12.903908729553223,0.6944830902935532,4,61,"{'max_depth': 4, 'n_estimators': 61}",0.8123844965950229,0.8111576011157601,0.8081924412562419,0.811228888776183,0.8128090058568495,0.8111544867200114,0.0016142872459169095,34,0.8129522797429279,0.8119437048307341,0.8129167062399089,0.8133047754232992,0.8130409730708592,0.8128316878615459,0.0004643051861539832
125.05469551086426,0.9677673546676101,17.577348232269287,0.7850643019127244,4,71,"{'max_depth': 4, 'n_estimators': 71}",0.8129385242787305,0.8108766233766234,0.8099005883546359,0.8104336352794905,0.8113821138211382,0.8111062970221237,0.0010384689519447805,35,0.8129400739577529,0.8124310268281855,0.814192911142347,0.812835716777119,0.8119515040835996,0.8128702465578007,0.0007473301117358473
93.10815324783326,4.693394114772179,14.749937725067138,0.7025802258155829,4,51,"{'max_depth': 4, 'n_estimators': 51}",0.8112500632879348,0.8093207432226622,0.8069774527726996,0.8093096526666158,0.8101709553687099,0.8094057734637244,0.001407133187114442,36,0.8106342161412662,0.8103873015873015,0.8116825509479875,0.8111719355289396,0.8107154864533973,0.8109182981317785,0.0004587388757865882
58.334883785247804,3.7139557450911953,13.441458749771119,1.507805764098175,4,41,"{'max_depth': 4, 'n_estimators': 41}",0.8094128375297635,0.808796672077922,0.8056153865646302,0.8084728113174002,0.8105019932458167,0.8085599401471064,0.001626839477247891,37,0.8102395907202917,0.8095370922138683,0.8109367088607595,0.810456024199532,0.8097582612552673,0.8101855354499439,0.000498676146786925
53.724689960479736,1.1386908697654567,7.370540571212769,2.4127867312563467,4,31,"{'max_depth': 4, 'n_estimators': 31}",0.8099566989947077,0.8075617049313263,0.8056617628440483,0.8097457197852295,0.8093887679141135,0.8084629308938851,0.001636631622927616,38,0.8090341024084193,0.8085659074349796,0.8100992363036845,0.8101448632761777,0.8083492662420705,0.8092386751330665,0.0007546200407797765
56.07843379974365,4.828339055495435,9.832957935333251,1.4389786220926917,4,21,"{'max_depth': 4, 'n_estimators': 21}",0.805541510769542,0.8052197663244145,0.8014076662109474,0.8056639140787274,0.8061084941498252,0.8047882703066913,0.0017141637653288455,39,0.8057383006288116,0.8053015006993981,0.806815597280837,0.805109836117539,0.8046253457300363,0.8055181160913243,0.0007406203279272706
248.43939204216002,5.88774959137945,19.092558526992796,0.616541917650497,3,171,"{'max_depth': 3, 'n_estimators': 171}",0.8019380339155935,0.8001530612244898,0.7983757693388155,0.8008769470007903,0.8039906103286385,0.8010668843616656,0.0018665649770936992,40,0.8019813356142523,0.801692179095335,0.802737838561933,0.8020762260637789,0.801864950537991,0.802070505974658,0.00035740764395722886
236.21075768470763,9.145299729102055,23.602766275405884,2.624938603944012,3,161,"{'max_depth': 3, 'n_estimators': 161}",0.8019577353488491,0.8004794206150865,0.7985914414759243,0.8006424310406363,0.8033677765021049,0.8010077609965203,0.001595201179639436,41,0.8020104476945549,0.801981460466421,0.8027332296473828,0.8021340608347569,0.8013575411153783,0.8020433479516988,0.0004380431681217437
267.8424627304077,8.722048076274666,19.217054271697997,1.49942501427147,3,181,"{'max_depth': 3, 'n_estimators': 181}",0.8021600142642451,0.7992143057575062,0.7976521628174046,0.8008155983178284,0.8036806688417618,0.8007045499997492,0.0021225403048439613,42,0.8014901475475719,0.8017721680372283,0.8024379670007395,0.8018155276058367,0.8015370301925748,0.8018105680767903,0.00033841420164795174
121.77069129943848,5.328470053078084,15.356632184982299,0.7558152431444236,3,91,"{'max_depth': 3, 'n_estimators': 91}",0.8019857433808554,0.8012240214203749,0.7979205952805667,0.7987655580493777,0.8031070928307653,0.800600602192388,0.001956506428320245,43,0.801882167166498,0.8015484429616518,0.8023433520122262,0.8006299855256362,0.8016522613577056,0.8016112418047436,0.0005617608194326812
227.09776072502137,6.0994016455565045,18.29495735168457,1.623647454123034,3,151,"{'max_depth': 3, 'n_estimators': 151}",0.8019345806287387,0.7991946377144022,0.7983077628829196,0.7996432212028542,0.8030283718677509,0.8004217148593332,0.0017699710306750627,44,0.8021005939786372,0.8016124718199534,0.802247935569375,0.8010019056602571,0.8010120838219549,0.8015949981700355,0.0005241769853640704
266.9664801120758,12.216840875197297,15.553038406372071,1.6448670934478051,3,191,"{'max_depth': 3, 'n_estimators': 191}",0.8015498738178388,0.798999208557788,0.7977442074104317,0.8001225146124199,0.8032945736434108,0.8003420756083779,0.001937856510790022,45,0.8009548854903362,0.8010766061394613,0.8020891125098046,0.8010310528095551,0.8011959099370171,0.8012695133772348,0.00041718762121110455
193.8535711288452,8.974258666585325,22.066653156280516,3.3204863901414448,3,131,"{'max_depth': 3, 'n_estimators': 131}",0.80130392706158,0.7995413428462225,0.7986657500063657,0.7998777256979824,0.8022101135611346,0.800319771834657,0.0012711489321861748,46,0.8013708665379887,0.801102335142979,0.8019586368498803,0.801150830023424,0.8006444587374467,0.8012454254583437,0.00042778267561101904
165.6183621406555,10.108513843795345,16.609913539886474,2.0565010588450168,3,121,"{'max_depth': 3, 'n_estimators': 121}",0.8008455152039933,0.7997758018903977,0.7974209332551798,0.8005908419497785,0.8024357929066449,0.8002137770411988,0.0016413667599736181,47,0.8009710593722522,0.8013243346491786,0.8019489825164804,0.8012174776816984,0.801489876480326,0.8013903461399872,0.000326197272881603
107.3273316860199,7.032884087341172,16.529396724700927,0.7203096200188442,3,81,"{'max_depth': 3, 'n_estimators': 81}",0.8018529359362672,0.801344229741083,0.7974348534201955,0.7977347516644984,0.8017298397354363,0.800019322099496,0.00199710445248854,48,0.8022142334489231,0.8008093868512816,0.8020661051881631,0.8008356368546425,0.8004376061417513,0.8012725936969524,0.0007237460867504966
216.20082836151124,6.751770240994946,18.378156089782713,2.145724916298671,3,141,"{'max_depth': 3, 'n_estimators': 141}",0.8015171957335234,0.7985615180575393,0.7983392343156983,0.799694423223835,0.8015796178343949,0.7999383978329981,0.0013927563595069008,49,0.8016228885888258,0.8012962538518349,0.8013939058030567,0.8011865658340336,0.8001197993997285,0.8011238826954958,0.0005222535048093717
242.42263441085817,13.344296413484823,11.42660574913025,2.3096083390933346,3,201,"{'max_depth': 3, 'n_estimators': 201}",0.800673435028825,0.7992031465495224,0.7968023701282116,0.799734409316104,0.8023505365355136,0.7997527795116353,0.0018222676819479658,50,0.8007968890676781,0.800556704716668,0.8015748433452021,0.8005722204837051,0.7998723431416352,0.8006746001509779,0.0005465143413737977
149.0619104862213,6.733303659939643,17.692163944244385,1.5809516656744287,3,101,"{'max_depth': 3, 'n_estimators': 101}",0.8005811286129377,0.7996226030191759,0.7970556772451735,0.7983165412574926,0.803015638530895,0.799718317733135,0.002033743347618432,51,0.8011803245255121,0.8011390058542862,0.8015569159813221,0.8004258737424611,0.8016906644260271,0.8011985569059217,0.0004407967914601592
160.90394620895387,7.394318895505262,15.859641933441162,0.5159791142102913,3,111,"{'max_depth': 3, 'n_estimators': 111}",0.799776001629079,0.8002750261020143,0.7964430402323744,0.798296613627091,0.8024659907270597,0.7994513344635237,0.0020127217126191875,52,0.8006831027649094,0.8008987848581486,0.8011182719005527,0.8002624605035165,0.8008556313145782,0.800763650268341,0.0002864114009378132
95.64369163513183,7.126801671559177,12.014331197738647,0.8876734856575781,3,71,"{'max_depth': 3, 'n_estimators': 71}",0.7996025173898642,0.80020366598778,0.7959022451007874,0.7969890278132177,0.8001836219428222,0.7985762156468944,0.001786333036176568,53,0.8006443151286721,0.80015792255427,0.8001682096503915,0.79903332972001,0.7984963843139753,0.7997000322734638,0.0008017211960933368
84.4811728477478,1.2672124145649981,12.171010971069336,0.7349970493961369,3,61,"{'max_depth': 3, 'n_estimators': 61}",0.7979535736102626,0.7976066199872692,0.7958861565093427,0.7969510796135315,0.8010172939979654,0.7978829447436743,0.0017181981800254715,54,0.7993770460540953,0.7987346525704756,0.7992210420471829,0.798800443148391,0.798915913298512,0.7990098194237313,0.0002481306014444831
64.34712023735047,3.7510061656739766,14.368644857406617,1.2704445411809389,3,51,"{'max_depth': 3, 'n_estimators': 51}",0.7956560623482816,0.7955212079475604,0.7929688496568615,0.7934649212517897,0.7974593133003418,0.795014070900967,0.0016267357478729789,55,0.7962233357559066,0.7959927721767114,0.7973835354179962,0.7955320534927386,0.7958443082456935,0.7961952010178093,0.0006351059790923365
45.68565998077393,3.4561427198545474,9.964433431625366,1.380397062661841,3,41,"{'max_depth': 3, 'n_estimators': 41}",0.795666029318037,0.7964962314116928,0.7925691860761429,0.7923805632867758,0.7974522292993631,0.7949128478784024,0.0020701719538234273,56,0.7966819243819989,0.7964520568894327,0.7966792818277967,0.7953481847974394,0.7965721852955407,0.7963467266384416,0.0005063521220099216
38.376524686813354,1.4901671397706249,8.342347431182862,0.540646691780718,3,31,"{'max_depth': 3, 'n_estimators': 31}",0.7942148340196228,0.7955335617307449,0.7925017145469786,0.7942267622096865,0.7965330554355285,0.7946019855885122,0.0013637215428413817,57,0.7966207124178029,0.7957304869913275,0.7970742114085437,0.7957242089341663,0.794466051501055,0.795923134250579,0.0008956973048907794
48.84768371582031,2.980131129908005,8.512626791000367,0.5766123454536545,4,11,"{'max_depth': 4, 'n_estimators': 11}",0.7933502538071066,0.7924270419398112,0.7875758114040653,0.7892591460307755,0.7939000911946499,0.7913024688752817,0.0024604419754673244,58,0.7948815357925262,0.7913791353764968,0.7933601762516144,0.7919177010236476,0.7929074962347968,0.7928892089358163,0.0012178391289315452
75.99922242164612,4.58417132769686,12.77531909942627,2.3787657011009156,2,91,"{'max_depth': 2, 'n_estimators': 91}",0.788197230490488,0.7901349705966166,0.7862805036008497,0.7881694229871947,0.7913144629701435,0.7888193181290585,0.0017442261967709144,59,0.7888858692135471,0.7897610612017539,0.7905064763825331,0.7889848798097177,0.7887589881537427,0.7893794549522589,0.0006633394465254024
155.21295018196105,4.045304072477055,16.48888111114502,1.3329971290417393,2,161,"{'max_depth': 2, 'n_estimators': 161}",0.7889671543205098,0.7875071158722765,0.7878475000645311,0.7883354838709677,0.7902184578835925,0.7885751424023756,0.0009572606089526682,60,0.7886132668741365,0.7890703744863412,0.7909351729473583,0.7898515171078115,0.7882562507260782,0.789345316428345,0.0009572289803474405
75.31589794158936,2.9008755620723057,12.722077465057373,1.7776890109716936,2,81,"{'max_depth': 2, 'n_estimators': 81}",0.7879712468324973,0.790862523930253,0.7869242506530116,0.7871094761929434,0.7898079306071871,0.7885350856431785,0.0015480419346463792,61,0.7887325763988963,0.7892207901391054,0.7900358168500532,0.7883619797059432,0.7876752581647217,0.7888052842517439,0.0007956908856431354
32.60163741111755,1.8883995603057449,7.700583839416504,1.9023173909578655,3,21,"{'max_depth': 3, 'n_estimators': 21}",0.7876891771588452,0.7896005072923272,0.7861715098557204,0.7863434445995685,0.7921636299040755,0.7883936537621075,0.0022497459407590037,62,0.7908183658061528,0.7887647581566586,0.7905279325708628,0.7893119691217735,0.7880939100451295,0.7895033871401155,0.0010341858194770695
157.91206431388855,3.5239873999721105,17.091564083099364,1.559503125928193,2,171,"{'max_depth': 2, 'n_estimators': 171}",0.7876046728005789,0.7876009944064637,0.7884893573052284,0.7880040296541213,0.7902000310125601,0.7883798170357904,0.000966830638882632,63,0.7880026120633361,0.789635684078476,0.791033797473255,0.7896808723812725,0.7883866216155103,0.78934791752237,0.0010742249612001533
172.39609451293944,5.80994388151386,16.86787919998169,0.902318959307828,2,181,"{'max_depth': 2, 'n_estimators': 181}",0.7884610418119367,0.7872004145614717,0.788052605741157,0.7874906386385352,0.7892627169050144,0.788093483531623,0.0007300508085334624,64,0.7884027629699989,0.789095142616907,0.7904953664265986,0.788889607450042,0.7873217771228397,0.7888409313172773,0.0010299484694633358
94.64151630401611,6.000733691204777,12.756456279754639,1.8320641910435989,2,101,"{'max_depth': 2, 'n_estimators': 101}",0.7868971415243475,0.7889684516396845,0.7854305667333005,0.7859778597785978,0.7902360654038506,0.7875020170159562,0.0018223768551577145,65,0.7877211305797562,0.787673411624178,0.7892394690987764,0.7878307737264197,0.7875172453996074,0.7879964060857476,0.0006296565289683715
179.87618007659913,8.275146710608336,14.200911712646484,3.286989980344505,2,191,"{'max_depth': 2, 'n_estimators': 191}",0.7880056869587696,0.7857569229970673,0.7868131868131868,0.7870233940803929,0.7894682391889096,0.7874134860076651,0.001251354821385088,66,0.7877368257583601,0.7881820594651631,0.78951586839894,0.7882617224167956,0.7873318973045351,0.7882056746687588,0.0007353384012165489
139.69635071754456,4.790847191869579,16.972406578063964,1.3733479954253232,2,151,"{'max_depth': 2, 'n_estimators': 151}",0.7864762249141204,0.7859972553791978,0.7865452575644234,0.7861659568976642,0.7893867437538715,0.7869142877018556,0.0012523632420973184,67,0.7864892633973286,0.7873999470260283,0.7901454093301635,0.7875124320274861,0.7875342775107268,0.7878162658583466,0.0012272732897742678
164.6125717163086,7.749518694629205,7.330321788787842,0.9762678885198068,2,201,"{'max_depth': 2, 'n_estimators': 201}",0.7873877138937068,0.7849976607579144,0.7866087136500052,0.7862504529688875,0.78902647531216,0.7868542033165349,0.0013322859369938119,68,0.786740789695344,0.7867914986319489,0.78889607868513,0.7874677421446449,0.786572575424058,0.7872937369162252,0.0008574199420298401
48.71652045249939,1.7321108276573387,12.261117124557495,0.6364253032080307,2,61,"{'max_depth': 2, 'n_estimators': 61}",0.7868286016348212,0.7889732857954839,0.7843948879805454,0.7855646100116415,0.7883207916709618,0.7868164354186907,0.0016938830032417957,69,0.7874912166474346,0.787159759487942,0.7879491346178648,0.787721769243691,0.7869505521069018,0.7874544864207668,0.00036284426783305567
119.54520196914673,5.7912374612098505,14.9308189868927,2.116764900831331,2,121,"{'max_depth': 2, 'n_estimators': 121}",0.786176882026838,0.7862126202764738,0.7846297351919987,0.7859381881298412,0.7891413487914705,0.7864197548833245,0.0014795298174774829,70,0.7866255250738993,0.7863459543568465,0.7884002095880043,0.7871884091777955,0.7871051185048663,0.7871330433402823,0.0007052147659147197
60.58301696777344,2.1277539448912646,10.05512776374817,1.0431958147905755,2,71,"{'max_depth': 2, 'n_estimators': 71}",0.7855959407683546,0.7886981068552043,0.7840717600394058,0.7856976292265837,0.7874496019849064,0.786302607774891,0.0016059931807170943,71,0.7866034648887394,0.7867664690061891,0.7875954556329331,0.7871057183392394,0.7853613101860236,0.7866864836106249,0.0007444947645177946
100.3182587146759,3.241172843312199,15.13733434677124,0.665569230240141,2,111,"{'max_depth': 2, 'n_estimators': 111}",0.7847740464344942,0.7871198568872988,0.7847569669475049,0.785404718033893,0.7887746912781215,0.7861660559162625,0.0015631744773907461,72,0.786449077016877,0.7866768699983139,0.7885902784515378,0.7876679042824096,0.7870409305274326,0.7872850120553142,0.0007718195080345209
132.00853843688964,7.50011262426239,16.539641332626342,0.6044506179054434,2,141,"{'max_depth': 2, 'n_estimators': 141}",0.7861723032371497,0.7853994918857261,0.7848546805041539,0.7852709971038477,0.7885152612519399,0.7860425467965635,0.0013077452647229197,73,0.7859362456949012,0.7865770769410029,0.7880479374616404,0.7870922664872488,0.7868610874117739,0.7869029227993135,0.0006912741795160956
117.54578948020935,4.423249088199373,15.35214123725891,0.788409352862961,2,131,"{'max_depth': 2, 'n_estimators': 131}",0.7859785280041391,0.7855086745675682,0.7854776938205155,0.7843228680965703,0.7881393240968535,0.7858854177171293,0.0012520781914424411,74,0.7858170553085587,0.786588486831449,0.7881761298996793,0.7864862939626087,0.7866891660362964,0.7867514264077184,0.0007750548708013968
44.39705591201782,0.9249102383511465,7.993610191345215,1.2965655158458407,2,51,"{'max_depth': 2, 'n_estimators': 51}",0.7841709904747154,0.7861783357059661,0.78041205093695,0.7825456053067993,0.783648743107153,0.7833911451063167,0.0018990990806139782,75,0.7840842371492538,0.7834179028066697,0.7848691820079221,0.7843543448284791,0.7827942250871215,0.7839039783758892,0.0007259150142001021
35.59582099914551,3.6998079751929205,7.83077301979065,0.8533354801600459,2,41,"{'max_depth': 2, 'n_estimators': 41}",0.7833225764812185,0.7831150680677054,0.7793436942411627,0.7783450384844637,0.7833846313012441,0.7815022017151587,0.0021947882579968197,76,0.7829663588816427,0.781555219208031,0.7839713598883346,0.7826971416724974,0.7827159696431455,0.7827812098587301,0.0007700797458602156
23.50327773094177,5.160205996895784,8.69551887512207,2.544410214576735,2,31,"{'max_depth': 2, 'n_estimators': 31}",0.7819078862397644,0.7814409073334193,0.7774336739960772,0.7793451533583539,0.7811176531350067,0.7802490548125242,0.0016534874757222725,77,0.7815046941091509,0.7809263391417627,0.782309417618397,0.780770722875986,0.779476855974088,0.7809976059438769,0.0009324401997941
36.636089134216306,4.70531331323377,5.701386260986328,0.4342814995234315,3,11,"{'max_depth': 3, 'n_estimators': 11}",0.7728466185729944,0.7744797343540087,0.7727376686742395,0.7708715129301568,0.7771651153379199,0.7736201299738639,0.0021089236310166573,78,0.7762796044483681,0.7735851456187206,0.7765112087130925,0.7755974427926328,0.7753352426834589,0.7754617288512545,0.0010321153158356759
17.795673990249632,1.4513280307038525,3.622420310974121,1.2290710719932494,2,21,"{'max_depth': 2, 'n_estimators': 21}",0.7680927008432052,0.7700275709242701,0.7664562669071235,0.7680405702605501,0.7696901060434469,0.7684614429957192,0.0012881153173504162,79,0.7685395579425739,0.77024797649121,0.7706021114505588,0.7681148176881303,0.7699819237969032,0.7694972774738753,0.0009846330228998423
91.91243505477905,2.6043792404622796,8.032560873031617,1.7759571217497556,1,181,"{'max_depth': 1, 'n_estimators': 181}",0.760270806710351,0.763764578247898,0.7611665221162186,0.762661316560026,0.7648809523809523,0.7625488352030892,0.0016750914614912565,80,0.7622398004487193,0.7634539785820794,0.7638347622759158,0.7634761985431137,0.7625949023861172,0.7631199284471892,0.0005999638214188648
86.57919573783875,3.411036986126795,9.627416038513184,2.6602426389122846,1,171,"{'max_depth': 1, 'n_estimators': 171}",0.7617129012060001,0.7637994292702813,0.7603521356374308,0.7612882167337612,0.7636156413665843,0.7621536648428116,0.0013442244156108478,81,0.7628269549392943,0.7625495354037942,0.762852269406672,0.7630115945574902,0.7616626448696598,0.762580599835382,0.0004824640839850154
60.48782014846802,7.4258133784495195,16.899710273742677,2.8026071994377464,1,161,"{'max_depth': 1, 'n_estimators': 161}",0.7618089905962929,0.7638888888888888,0.7585251954821894,0.762561041779707,0.7633724236925493,0.7620313080879255,0.001890611856117941,82,0.7634002697335872,0.762654149312857,0.762397942216461,0.7624437613240773,0.7614075346418363,0.7624607314457638,0.000637745505001271
79.25204076766968,9.923744985555983,11.737537050247193,1.837603502033526,1,191,"{'max_depth': 1, 'n_estimators': 191}",0.7582399651909061,0.7618117710876051,0.7594072548966488,0.7604601942801325,0.763837039441649,0.7607512449793883,0.001941359787242293,83,0.7595467498982222,0.761649073565603,0.7625396309243151,0.7604878975360904,0.7606095940559157,0.7609665891960293,0.0010308035759151995
80.56472320556641,1.6181988221513723,6.649440908432007,0.794127551928654,1,151,"{'max_depth': 1, 'n_estimators': 151}",0.7585064494229463,0.7615119528939299,0.7578325976874543,0.7600781292387825,0.7617347076806537,0.7599327673847533,0.001562500653223292,84,0.7604501934530867,0.7603144483599892,0.7614422907608328,0.7606212139691833,0.7592355306065721,0.7604127354299328,0.0007071523355646906
80.4480607509613,1.873924585167665,3.654554271697998,1.8644246702190672,1,201,"{'max_depth': 1, 'n_estimators': 201}",0.7552176993079396,0.7584556824361066,0.7573485465906004,0.7585326086956522,0.7616,0.7582309074060598,0.0020664131261707006,85,0.7579449476452242,0.7587963938012514,0.760338097016192,0.7589061204517962,0.758031200739251,0.7588033519307429,0.0008601311111353805
77.45614304542542,1.2482629857517138,7.007576847076416,0.5717634720784615,1,141,"{'max_depth': 1, 'n_estimators': 141}",0.7564555585756999,0.7606812070510905,0.7553540891941044,0.7579044667373515,0.7600780234070221,0.7580946689930537,0.002042425584927979,86,0.7599631171437482,0.7591852249048049,0.7601872582943212,0.7586136623009619,0.757702073347907,0.7591302671983486,0.0009078004023417968
57.84603123664856,13.659953384668102,5.375184488296509,3.9680815237749973,1,121,"{'max_depth': 1, 'n_estimators': 121}",0.7569220687018732,0.7592582462666156,0.7558161734624301,0.7579539558128738,0.7599945496661671,0.757988998781992,0.0015161768499165945,87,0.7602534178059354,0.75816440095863,0.7598210388476647,0.7594447780750123,0.7572477377497012,0.7589862746873888,0.0011145129297007964
60.74592833518982,0.8265586139776063,6.061507606506348,0.44461026102834456,1,111,"{'max_depth': 1, 'n_estimators': 111}",0.7565250627934913,0.7599912405562247,0.7536041939711664,0.7572002953967343,0.759704704568362,0.7574050994571958,0.002334078027734388,88,0.7596096883362727,0.7584685269305645,0.7573518364224933,0.7581447469115558,0.756833588453969,0.7580816774109711,0.0009569578479335232
47.49989047050476,4.580911520032117,13.479097604751587,1.83964624586302,1,101,"{'max_depth': 1, 'n_estimators': 101}",0.7575972502591521,0.7571687044245847,0.7547643750341287,0.7554935281722902,0.7583628922237381,0.7566773500227788,0.0013408658087342982,89,0.7588541844068258,0.7576383097975421,0.757394671602139,0.7570924411129045,0.7561415740474922,0.7574242361933807,0.0008771275417078712
27.07538151741028,4.00465759534746,8.491622734069825,6.280934957910663,1,61,"{'max_depth': 1, 'n_estimators': 61}",0.7548845954710194,0.7603251677669267,0.7548474945533769,0.7541601770636938,0.7583635027356616,0.7565161875181357,0.002404924869049811,90,0.7574045749634615,0.7572335631870007,0.7557402172802506,0.7581580040730423,0.7570006816632584,0.7571074082334027,0.0007859486521643594
42.01100239753723,8.372025012671003,8.020135831832885,9.084410133267472,1,91,"{'max_depth': 1, 'n_estimators': 91}",0.7552294979136553,0.7592080400909166,0.7531885839136966,0.7546146683463877,0.7572640711537937,0.75590097228369,0.00210984560239278,91,0.7574469244815087,0.7568971290721593,0.7554827032749377,0.7561175778631906,0.756154876082739,0.7564198421549071,0.0006815425017994024
52.96115574836731,11.976449651881447,18.33823585510254,3.5826034027880884,1,131,"{'max_depth': 1, 'n_estimators': 131}",0.7540920995198603,0.7576881134133042,0.7527239049901939,0.7564151457368564,0.7568949572975031,0.7555628441915436,0.0018568994692454057,92,0.7571822170822137,0.7563303427275142,0.7568793283078997,0.7570202914340188,0.7543460180248968,0.7563516395153086,0.0010429171645762935
31.78775486946106,7.923761351511868,11.401384830474854,2.8190432296619794,1,71,"{'max_depth': 1, 'n_estimators': 71}",0.7540804926564757,0.7567094834654278,0.751652553947009,0.7516484719144163,0.7555700822574495,0.7539322168481556,0.002041085620102826,93,0.7543329948269869,0.7549438163871717,0.7538243200829683,0.7549859689610203,0.7542283262036829,0.754463085292366,0.0004437490435138445
44.55320982933044,2.083713629316645,5.548379564285279,1.1377578707532647,1,81,"{'max_depth': 1, 'n_estimators': 81}",0.7526377491207503,0.756037456875308,0.7501093374152635,0.7515337423312883,0.754485466543055,0.752960750457133,0.002100577059580704,94,0.7536253621953298,0.7531218140390971,0.7536293241194707,0.753688989784336,0.7529683580212314,0.753406769631893,0.0003001219263580589
27.7306791305542,3.4892363050350523,3.891992712020874,2.9532027254229227,1,51,"{'max_depth': 1, 'n_estimators': 51}",0.750286932283981,0.7562712235732282,0.7473551499205174,0.7502674823735974,0.7529682114132517,0.7514297999129151,0.0030021989955039373,95,0.752457149093191,0.7541212744090442,0.7493391406774321,0.7526858175149517,0.7506329374472552,0.751847263828375,0.0016740087659678155
21.112302589416505,0.3456461413185884,5.905412578582764,0.8441140468022179,1,41,"{'max_depth': 1, 'n_estimators': 41}",0.7494876069193561,0.7537190986654999,0.7481706815752692,0.748217224355458,0.751409337201029,0.7502007897433225,0.002116770426462598,96,0.7535048560231726,0.7513261511538882,0.7500906187379033,0.7495046857753981,0.7493725398762909,0.7507597703133306,0.0015364694676193935
28.523090362548828,3.0799166667320175,2.978580093383789,0.5420964297381516,2,11,"{'max_depth': 2, 'n_estimators': 11}",0.7475805827247155,0.7490105371369827,0.7477871552079045,0.7466113774782946,0.7505213026129489,0.7483021910321692,0.0013469254868613372,97,0.7510008006405124,0.7488715026240381,0.7490365902383069,0.7470150701765733,0.7488716583728735,0.7489591244104609,0.0012624672298578497
14.70584979057312,3.436359573816383,8.920538330078125,4.347534143711652,1,31,"{'max_depth': 1, 'n_estimators': 31}",0.748516360864594,0.7480127837417029,0.7444044109618954,0.7430498437242967,0.7483342435827417,0.7464635285750462,0.002280662019040278,98,0.7500952380952381,0.7478171826466874,0.7466404591770576,0.7446280765225017,0.7460070014221639,0.7470375915727298,0.0018429626949351455
17.40057768821716,2.092745663229506,2.0986560821533202,0.897420561486601,1,21,"{'max_depth': 1, 'n_estimators': 21}",0.7410536511865684,0.7423924166532019,0.7378148996362657,0.7399093459961148,0.7455688043828553,0.7413478235710013,0.002590179931018823,99,0.7427741193405396,0.7413939565551555,0.7424662698947029,0.7422430673781534,0.7412913902829541,0.7420337606903011,0.0005898249885362434
79.68931665420533,9.941008278781537,1.5499979496002196,0.16616555508509573,5,1,"{'max_depth': 5, 'n_estimators': 1}",0.7270583611711535,0.7167060579674088,0.7232483214874204,0.718218663503361,0.6964348460686002,0.7163332500395887,0.010606474175578836,100,0.7273444920010361,0.7163605749742759,0.7260340512921414,0.7229003394014193,0.6963302009073234,0.7177939317152392,0.011383623532191354
61.61433668136597,7.362218364678672,1.5628435611724854,0.24190044020259122,4,1,"{'max_depth': 4, 'n_estimators': 1}",0.725245379371735,0.698724898043467,0.710580020161786,0.7033112246194506,0.7057968107511784,0.7087316665895234,0.009102187731074476,101,0.7237167258533149,0.6992103837122288,0.712568628535945,0.7030937238705754,0.7069047499874869,0.7090988423919102,0.00853673283839595
15.102112960815429,2.6256652480936955,2.361493968963623,0.8970815039044298,1,11,"{'max_depth': 1, 'n_estimators': 11}",0.7060041957670553,0.7112950978594074,0.7047004705757944,0.7015662104111636,0.7122691572914456,0.7071670263809733,0.0040466758225254215,102,0.7080317177808179,0.7093967174816088,0.7083424148156955,0.7067699159161155,0.7062447307802097,0.7077570993548894,0.0011285518966758481
51.24801602363586,6.269771759404116,1.5444910049438476,0.20172395794838577,3,1,"{'max_depth': 3, 'n_estimators': 1}",0.7141738449490994,0.7187708137158081,0.710948130722572,0.7127960776189489,0.6577079957534783,0.7028793725519813,0.02273324520901345,103,0.7160716854126514,0.71389771210238,0.7156259178419844,0.7142964196982885,0.6566594954038725,0.7033102460918353,0.02333929343824411
13.816268301010131,3.414381195226532,1.180022954940796,0.4477230994368758,1,1,"{'max_depth': 1, 'n_estimators': 1}",0.6462693095747865,0.6520541709343348,0.6448097524935352,0.6518552242203506,0.6526378321566477,0.649525257875931,0.003296951726282995,104,0.6483471526773419,0.6495452725504776,0.6487208572530819,0.6509678411362381,0.6506984210106898,0.6496559089255658,0.0010399425491825595
42.29739570617676,5.413290075614655,1.286823320388794,0.2432970152947683,2,1,"{'max_depth': 2, 'n_estimators': 1}",0.6573012755165469,0.5916837481698389,0.5869022807996008,0.5894070775720647,0.6388353671590666,0.6128259498434236,0.029400739002930047,105,0.6579637065396707,0.5895907186593619,0.5875725327822435,0.5914164784315445,0.6368674795336476,0.6126821831892936,0.02915916800164261
